"NAME","NAMEKANA","ADDRESS","TEL","FAX","URL","FIELD007","FIELD008","FIELD009","INFO","FIELD010","分類HCODE","経度","緯度","分類"
"障害者支援施設江古田の森","","〒165-0022 中野区江古田3-14-19","03-5318-3711","03-5318-3712","","","","","","","264200","139.66539139332","35.7296724351044","入所施設"
"障害者支援施設 江古田の森","","〒165-0022 中野区江古田三丁目14番19号","03-5318-3711","03-5318-3712","","","","","","7282","264200","139.665585552184","35.7296753924785","入所施設"
"メイプルガーデン","","〒164-0001 中野区中野五丁目26番18号","03-3387-0082","03-3387-0820","","","","","","2423","264200","139.668811166109","35.7089825182348","入所施設"
"中野江原短期入所","","東京都中野区江原町三丁目23番2号","03-5988-7619","","","","","","","11104","264200","139.673990075078","35.7327203186343","入所施設"
