"名称","名称かな","所在地","TEL","FAX","URL","FIELD007","FIELD008","FIELD009","INFO","FIELD010","分類HCODE","経度","緯度","分類"
"しらさぎホーム","","〒165-0035 東京都中野区白鷺二丁目51番5号","03-3336-6255","","","","","","","2600","284200","139.632038675453","35.7201369512867","短期入所_緊急一時保護"
"障害者支援施設江古田の森","","〒165-0022 中野区江古田3-14-19","03-5318-3711","03-5318-3712","","","","","","","284200","139.66539139332","35.7296724351044","短期入所_緊急一時保護"
"メイプルガーデン","","〒164-0001 中野区中野5-26-18","03-3387-0082","03-3387-0820","","","","","","","284200","139.66869508911","35.708742741086","短期入所_緊急一時保護"
"ショートステイ翔和","","〒165-0023 中野区江原町2-26-13","03-59065432","","","","","","","","284200","139.671829507739","35.7313347716459","短期入所_緊急一時保護"
"もみじやま短期入所","","〒164-0001 中野区中野5-3-32","03-5318-9957","03-5318-9958","","","","","","","284200","139.672391574214","35.7082372762526","短期入所_緊急一時保護"
"中野江原短期入所","","〒165-0023 中野区江原町3-23-2","03-5988-7619","03-5988-7629","","","","","","","284200","139.67403842766","35.7327376752118","短期入所_緊急一時保護"
"ショートステイ　やよい","しょーとすてい　やよい","〒164-0013 中野区弥生町2-5-11","03-5371-6028","","","","","","","","284200","139.67638200311","35.6918531530221","短期入所_緊急一時保護"
